<application>
  <component name="Trusted.Paths">
    <option name="TRUSTED_PROJECT_PATHS">
      <map>
        <entry key="$USER_HOME$/projects/4kolesa" value="true" />
        <entry key="$USER_HOME$/projects/arstuning" value="true" />
        <entry key="$USER_HOME$/projects/b2b" value="true" />
        <entry key="$USER_HOME$/projects/exchange" value="true" />
        <entry key="$USER_HOME$/projects/image-background-remove-tool" value="true" />
        <entry key="$USER_HOME$/projects/lib" value="true" />
        <entry key="$USER_HOME$/projects/new.revosp.com" value="true" />
        <entry key="$USER_HOME$/projects/newfront" value="true" />
        <entry key="$USER_HOME$/projects/php-src" value="true" />
        <entry key="$USER_HOME$/projects/pulsprice" value="true" />
        <entry key="$USER_HOME$/projects/rembg" value="true" />
        <entry key="$USER_HOME$/projects/revosp" value="true" />
        <entry key="$USER_HOME$/projects/service" value="true" />
        <entry key="$USER_HOME$/projects/tyres" value="true" />
        <entry key="$USER_HOME$/projects/u2net" value="true" />
      </map>
    </option>
  </component>
</application>