<application>
  <component name="DimensionService">
    <location key="find.popup.0.0.1920.1080" x="311" y="194" />
    <location key="find.popup.1920.0.1920.1080" x="2439" y="149" />
    <size key="find.popup.0.0.1920.1080" width="1297" height="822" />
    <size key="find.popup.1920.0.1920.1080" width="1121" height="822" />
    <size key="GridCell.Tab.0.left.0.0.1920.1080" width="1838" height="314" />
    <size key="GridCell.Tab.0.center.0.0.1920.1080" width="1838" height="314" />
    <size key="GridCell.Tab.0.right.0.0.1920.1080" width="1838" height="314" />
    <size key="GridCell.Tab.0.bottom.0.0.1920.1080" width="1838" height="314" />
  </component>
  <component name="WindowManager">
    <frame x="0" y="0" width="1920" height="1080" extendedState="6" />
  </component>
  <component name="WindowStateApplicationService">
    <state width="641" height="135" key="ShowUsagesActions.dimensionServiceKey" timestamp="1730298383056">
      <screen x="1920" y="0" width="1920" height="1080" />
    </state>
    <state width="641" height="135" key="ShowUsagesActions.dimensionServiceKey/1920.0.1920.1080/0.27.1920.1053" timestamp="1730298383056" />
    <state width="827" height="135" key="ShowUsagesActions.dimensionServiceKey/1920.27.1920.1053/0.0.1920.1080" timestamp="1730208439665" />
    <state width="802" height="159" key="ShowUsagesActions.dimensionServiceKey/70.27.1850.1053" timestamp="1727962812227" />
    <state width="824" height="111" key="ShowUsagesActions.dimensionServiceKey/70.27.1850.1053/1920.0.1920.1080" timestamp="1729513149109" />
  </component>
</application>